word,count,label
vaccine,1825,1 (Side Effect)
shingles,1218,1 (Side Effect)
shot,956,1 (Side Effect)
got,648,1 (Side Effect)
second,600,1 (Side Effect)
reaction,476,1 (Side Effect)
just,440,1 (Side Effect)
pain,438,1 (Side Effect)
dose,418,1 (Side Effect)
getting,417,1 (Side Effect)
shingles,1623,0 (No Effect - Most Frequent)
vaccine,897,0 (No Effect - Most Frequent)
just,526,0 (No Effect - Most Frequent)
got,492,0 (No Effect - Most Frequent)
pain,462,0 (No Effect - Most Frequent)
like,380,0 (No Effect - Most Frequent)
ve,362,0 (No Effect - Most Frequent)
rash,324,0 (No Effect - Most Frequent)
don,291,0 (No Effect - Most Frequent)
time,289,0 (No Effect - Most Frequent)
