medical_term,label,count
aches,0 (No Effect),7
aches,1 (Side Effect),150
amitriptyline,0 (No Effect),47
blisters,0 (No Effect),72
blisters,1 (Side Effect),35
cancer,0 (No Effect),49
cancer,1 (Side Effect),6
chickenpox,0 (No Effect),177
chickenpox,1 (Side Effect),77
chills,0 (No Effect),5
chills,1 (Side Effect),85
fatigue,0 (No Effect),30
fatigue,1 (Side Effect),200
fever,0 (No Effect),28
fever,1 (Side Effect),230
gabapentin,0 (No Effect),35
gabapentin,1 (Side Effect),12
headache,0 (No Effect),29
headache,1 (Side Effect),124
infection,0 (No Effect),60
infection,1 (Side Effect),50
itching,0 (No Effect),38
itching,1 (Side Effect),60
itchy,0 (No Effect),62
itchy,1 (Side Effect),55
pain,0 (No Effect),462
pain,1 (Side Effect),438
pneumonia,0 (No Effect),23
pneumonia,1 (Side Effect),105
rash,0 (No Effect),324
rash,1 (Side Effect),293
shingles,0 (No Effect),1623
shingles,1 (Side Effect),1218
sore,0 (No Effect),28
sore,1 (Side Effect),176
swelling,0 (No Effect),7
swelling,1 (Side Effect),66
tetanus,0 (No Effect),20
tetanus,1 (Side Effect),74
valtrex,0 (No Effect),64
valtrex,1 (Side Effect),15
varicella,0 (No Effect),183
varicella,1 (Side Effect),50
